id,title,summary,category,content,photo_main,is_published,published_date,slug,user
2,title-2,title-3,title-4,title-5,title-6,title-7,title-8,title-9,title-10
3,title-2,title-3,title-4,title-5,title-6,title-7,title-8,title-9,title-10
4,title-2,title-3,title-4,title-5,title-6,title-7,title-8,title-9,title-10
5,title-2,title-3,title-4,title-5,title-6,title-7,title-8,title-9,title-10
6,title-2,title-3,title-4,title-5,title-6,title-7,title-8,title-9,title-10
7,title-2,title-3,title-4,title-5,title-6,title-7,title-8,title-9,title-10
8,title-2,title-3,title-4,title-5,title-6,title-7,title-8,title-9,title-10
9,title-2,title-3,title-4,title-5,title-6,title-7,title-8,title-9,title-10
10,title-2,title-3,title-4,title-5,title-6,title-7,title-8,title-9,title-10
11,title-2,title-3,title-4,title-5,title-6,title-7,title-8,title-9,title-10
12,title-2,title-3,title-4,title-5,title-6,title-7,title-8,title-9,title-10
13,title-2,title-3,title-4,title-5,title-6,title-7,title-8,title-9,title-10
14,title-2,title-3,title-4,title-5,title-6,title-7,title-8,title-9,title-10
15,title-2,title-3,title-4,title-5,title-6,title-7,title-8,title-9,title-10
16,title-2,title-3,title-4,title-5,title-6,title-7,title-8,title-9,title-10
17,title-2,title-3,title-4,title-5,title-6,title-7,title-8,title-9,title-10
18,title-2,title-3,title-4,title-5,title-6,title-7,title-8,title-9,title-10
19,title-2,title-3,title-4,title-5,title-6,title-7,title-8,title-9,title-10
